":START_ID",":END_ID","relation","concepts","synsets",":TYPE"
"Minutes","Strip Module Meeting","recorded","['noted', 'documented', 'captured', 'logged']","[]","Relation"
"Actions","over","carried","['moved', 'brought', 'carried', 'held', 'bore', 'transported']","[]","Relation"
"document","coils","written","['crafted', 'authored', 'composed', 'created', 'penned']","[]","Relation"
"brief","HV tab bonding","watched","['noticed', 'gazed', 'viewed', 'saw', 'observed']","[]","Relation"
"update","03/02/2020","expected","['anticipated', 'forecasted', 'predicted', 'supposed', 'projected', 'hoped for']","[]","Relation"
"roll-out","Hybrid crate","planned","['organized', 'schemed', 'designed', 'arranged']","[]","Relation"
"responsible","Dave/Ankush/Sergio","was","['happened', 'occurred', 'existed', 'took place']","[]","Relation"
"updates","Craig & Ingo","contacted","['linked up', 'reached out\ncommunicated', 'connected', 'got through', 'reached', 'made a call', 'interacted', 'contacted', 'made contact', 'got in touch']","[]","Relation"
"meeting","Introduction","held","['retain', 'hold', 'keep', 'contain', 'possess']","[]","Relation"
"tutorial","uploading test results to the database","given","['provided', 'presented', 'offered', 'bestowed', 'handed']","[]","Relation"
"You must contact the people listed as responsible periodically.","Updates could be verbal, email or slides in a meeting","before","['earlier', 'prior', 'precede', 'lead', 'precedes']","[]","Relation"
"Updates could be verbal, email or slides in a meeting.","People listed as responsible will be contacted periodically by Craig & Ingo for updates","at the same time","['happen together', 'coexist', 'overlap', 'coincide', 'synchronize']","[]","Relation"
"People listed as responsible will be contacted periodically by Craig & Ingo for updates.","Updates could be verbal, email or slides in a meeting","because","['owing to', 'thanks to', 'as a result of', 'due to']","[]","Relation"
"Craig & Ingo will contact the people periodically.","You must contact the people listed as responsible periodically.","after","['later', 'afterwards', 'next', 'afterward', 'follow']","[]","Relation"
"Craig & Ingo will contact the people periodically.","Updates could be verbal, email or slides in a meeting","by","['indicated', 'sign', 'marked', 'denoted']","[]","Relation"
"The next update expected for HV tab bonding is 03/02/2020.","Jens is responsible for HV tab bonding","after","['later', 'afterwards', 'next', 'afterward', 'follow']","[]","Relation"
"The next update expected for Hybrid crate roll-out is 03/02/2020.","Ash is responsible for Hybrid crate roll-out","after","['later', 'afterwards', 'next', 'afterward', 'follow']","[]","Relation"
"The next update expected for Module thermal cycling roll-out is 03/02/2020.","Dave/Ankush/Sergio are responsible for Module thermal cycling roll-out","after","['later', 'afterwards', 'next', 'afterward', 'follow']","[]","Relation"
"The next update expected for Powerboard mass tester roll-out is 03/02/2020.","Timon/Karol are responsible for Powerboard mass tester roll-out","after","['later', 'afterwards', 'next', 'afterward', 'follow']","[]","Relation"
"The next update expected for Barrel hybrid tendering is 03/02/2020.","Bart/Ash are responsible for Barrel hybrid tendering","after","['later', 'afterwards', 'next', 'afterward', 'follow']","[]","Relation"
"The next update expected for Barrel powerboard tendering is 03/02/2020.","Carl/Timon are responsible for Barrel powerboard tendering","after","['later', 'afterwards', 'next', 'afterward', 'follow']","[]","Relation"
"The next update expected for EC hybrid/powerboard tendering is 03/02/2020.","Uli/Kambiz/Dennis are responsible for EC hybrid/powerboard tendering","after","['later', 'afterwards', 'next', 'afterward', 'follow']","[]","Relation"
"The next update expected for EC tooling design/roll-out is 03/02/2020.","Marc is responsible for EC tooling design/roll-out","after","['later', 'afterwards', 'next', 'afterward', 'follow']","[]","Relation"
"The next update expected for Barrel tooling design finalisation/roll-out is 03/02/2020.","Sven is responsible for Barrel tooling design finalisation/roll-out","after","['later', 'afterwards', 'next', 'afterward', 'follow']","[]","Relation"
"The minutes of the Strip Module Meeting were recorded on 21/01/20.","CERN","is participated by","['host', 'feature', 'have', 'sponsor']","[]","Relation"
"The minutes of the Strip Module Meeting were recorded on 21/01/20.","Craig","is participated by","['host', 'feature', 'have', 'sponsor']","[]","Relation"
"The minutes of the Strip Module Meeting were recorded on 21/01/20.","Ingo","is participated by","['host', 'feature', 'have', 'sponsor']","[]","Relation"
"Timon, Carl, and Satish were assigned to write a QC document for coils.","Timon","is participated by","['host', 'feature', 'have', 'sponsor']","[]","Relation"
"Timon, Carl, and Satish were assigned to write a QC document for coils.","Carl","is participated by","['host', 'feature', 'have', 'sponsor']","[]","Relation"
"Timon, Carl, and Satish were assigned to write a QC document for coils.","Satish","is participated by","['host', 'feature', 'have', 'sponsor']","[]","Relation"
"Jens was responsible for monitoring the HV tab bonding.","Jens","is participated by","['host', 'feature', 'have', 'sponsor']","[]","Relation"
"The roll-out of the hybrid crate was expected to begin on 03/02/2020.","Ash","is participated by","['host', 'feature', 'have', 'sponsor']","[]","Relation"
"Dave, Ankush, and Sergio were responsible for the roll-out of the module thermal cycling.","Dave","is participated by","['host', 'feature', 'have', 'sponsor']","[]","Relation"
"Dave, Ankush, and Sergio were responsible for the roll-out of the module thermal cycling.","Ankush","is participated by","['host', 'feature', 'have', 'sponsor']","[]","Relation"
"Dave, Ankush, and Sergio were responsible for the roll-out of the module thermal cycling.","Sergio","is participated by","['host', 'feature', 'have', 'sponsor']","[]","Relation"
"Timon and Karol were assigned to roll out the powerboard mass tester.","Timon","is participated by","['host', 'feature', 'have', 'sponsor']","[]","Relation"
"Timon and Karol were assigned to roll out the powerboard mass tester.","Karol","is participated by","['host', 'feature', 'have', 'sponsor']","[]","Relation"
"Bart and Ash were responsible for the tendering of the barrel hybrid.","Bart","is participated by","['host', 'feature', 'have', 'sponsor']","[]","Relation"
"Bart and Ash were responsible for the tendering of the barrel hybrid.","Ash","is participated by","['host', 'feature', 'have', 'sponsor']","[]","Relation"
"Carl and Timon were assigned to tender the barrel powerboard.","Carl","is participated by","['host', 'feature', 'have', 'sponsor']","[]","Relation"
"Carl and Timon were assigned to tender the barrel powerboard.","Timon","is participated by","['host', 'feature', 'have', 'sponsor']","[]","Relation"
"Uli, Kambiz, and Dennis were responsible for the tendering of the EC hybrid/powerboard.","Uli","is participated by","['host', 'feature', 'have', 'sponsor']","[]","Relation"
"Uli, Kambiz, and Dennis were responsible for the tendering of the EC hybrid/powerboard.","Kambiz","is participated by","['host', 'feature', 'have', 'sponsor']","[]","Relation"
"Uli, Kambiz, and Dennis were responsible for the tendering of the EC hybrid/powerboard.","Dennis","is participated by","['host', 'feature', 'have', 'sponsor']","[]","Relation"
"Marc was assigned to design and roll out the EC tooling.","Marc","is participated by","['host', 'feature', 'have', 'sponsor']","[]","Relation"
"Sven was responsible for finalizing and rolling out the barrel tooling design.","Sven","is participated by","['host', 'feature', 'have', 'sponsor']","[]","Relation"
"Craig and Ingo would be in touch with the responsible individuals periodically for updates.","Craig","is participated by","['host', 'feature', 'have', 'sponsor']","[]","Relation"
"Craig and Ingo would be in touch with the responsible individuals periodically for updates.","Ingo","is participated by","['host', 'feature', 'have', 'sponsor']","[]","Relation"
"Luise provided a tutorial on uploading test results to the database.","Luise","is participated by","['host', 'feature', 'have', 'sponsor']","[]","Relation"
"Strip Module Meeting Minutes","appear","will","['intend to', 'commit to', 'plan to', 'propose to', 'decide to']","[]","Relation"
"google docs","minutes","use","['employ', 'utilize', 'apply', 'adopt']","[]","Relation"
"action list","important","is","['equal', 'constitute', 'belong', 'represent', 'exist']","[]","Relation"
"QC groups","add","should","['require', 'expected', 'necessary', 'must', 'ought']","[]","Relation"
"powerboard mass tester","list","add","['augment', 'increase', 'append', 'enlarge']","[]","Relation"
"module thermal cycling setup","list","add","['augment', 'increase', 'append', 'enlarge']","[]","Relation"
"hybrid crate setup","list","add","['augment', 'increase', 'append', 'enlarge']","[]","Relation"
"Hybrid crate status","do","should","['require', 'expected', 'necessary', 'must', 'ought']","[]","Relation"
"FMC-DP","trickier","be","['occur', 'happen', 'be present', 'take place', 'exist']","[]","Relation"
"output buffers","trickiness","cause","['produce', 'provoke', 'induce', 'initiate', 'lead to', 'trigger', 'prompt', 'create', 'result in']","[]","Relation"
"UV LED driver","no questions","has","['possess', 'hold', 'own', 'contain', 'have']","[]","Relation"
"DCDC coil order","be run","need","['require', 'demand', 'necessity', 'obligation']","[]","Relation"
"Uli","sign-off","need","['require', 'demand', 'necessity', 'obligation']","[]","Relation"
"Didier et al.","sign-off","need","['require', 'demand', 'necessity', 'obligation']","[]","Relation"
"QC steps","magnet tests","include","['contain', 'comprise', 'encompass']","[]","Relation"
"QC steps","irradiation","include","['contain', 'comprise', 'encompass']","[]","Relation"
"QC steps","temperature range","include","['contain', 'comprise', 'encompass']","[]","Relation"
"QC steps","solder joint","include","['contain', 'comprise', 'encompass']","[]","Relation"
"QC steps","purchasing components","include","['contain', 'comprise', 'encompass']","[]","Relation"
"Barrel powerboards","not","should","['require', 'expected', 'necessary', 'must', 'ought']","[]","Relation"
"Barrel hybrids","not","should","['require', 'expected', 'necessary', 'must', 'ought']","[]","Relation"
"EC","not","should","['require', 'expected', 'necessary', 'must', 'ought']","[]","Relation"
"Review office","happy","is","['equal', 'constitute', 'belong', 'represent', 'exist']","[]","Relation"
"email","volunteers","send","['dispatch', 'convey', 'forward', 'transmit', 'ship']","[]","Relation"
"QC document","Timon/Carl/Satish","write","['produce', 'pen', 'author', 'create', 'compose', 'draft']","[]","Relation"
"review office","Tony A","contact","['get in touch', 'reach', 'reach out', 'connect', 'link', 'touch']","[]","Relation"
"The participants decided to appear in the minutes from next week onwards.","The minutes will appear in this space from next week onwards.","because","['owing to', 'thanks to', 'as a result of', 'due to']","[]","Relation"
"Craig introduced the topic of minutes.","Suggestion for minutes - (Bart) suggestion to use google docs for minutes and allow others to help with minuting.","at the same time","['happen together', 'coexist', 'overlap', 'coincide', 'synchronize']","[]","Relation"
"Bart suggested using Google Docs for minutes and allowing others to help with minuting.","Phil pointed out that the action list is probably the most important part of all of this.","at the same time","['happen together', 'coexist', 'overlap', 'coincide', 'synchronize']","[]","Relation"
"Phil pointed out that the action list is probably the most important part of all of this.","The participants discussed the QC groups.","at the same time","['happen together', 'coexist', 'overlap', 'coincide', 'synchronize']","[]","Relation"
"Tony suggested adding a hybrid/module assembly group to the list.","Craig agreed to add this to the list in 3 months or so.","because","['owing to', 'thanks to', 'as a result of', 'due to']","[]","Relation"
"Craig agreed to add the hybrid/module assembly group to the list in 3 months or so.","They discussed the powerboard mass tester, module thermal cycling setup, and hybrid crate setup.","because","['owing to', 'thanks to', 'as a result of', 'due to']","[]","Relation"
"Ash reported on the hybrid crate status.","Craig suggested doing the same on FMC-DP.","at the same time","['happen together', 'coexist', 'overlap', 'coincide', 'synchronize']","[]","Relation"
"Craig suggested doing the same on FMC-DP.","Vitaliy pointed out that it would be bit trickier due to output buffers.","because","['owing to', 'thanks to', 'as a result of', 'due to']","[]","Relation"
"Vitaliy pointed out that it would be bit trickier due to output buffers.","They discussed the possible solutions such as back termination.","because","['owing to', 'thanks to', 'as a result of', 'due to']","[]","Relation"
"Craig reported on the UV LED driver.","There were no questions.","at the same time","['happen together', 'coexist', 'overlap', 'coincide', 'synchronize']","[]","Relation"
"Carl reported on the DCDC coil order.","Barrel (Timon) was happy to sign-off.","at the same time","['happen together', 'coexist', 'overlap', 'coincide', 'synchronize']","[]","Relation"
"Barrel (Timon) was happy to sign-off.","Tony and Craig agreed that they would need to run it past Uli for BMBF part.","because","['owing to', 'thanks to', 'as a result of', 'due to']","[]","Relation"
"Tony and Craig agreed that they would need to run it past Uli for BMBF part.","They also needed to run it past Didier et al.","because","['owing to', 'thanks to', 'as a result of', 'due to']","[]","Relation"
"Tony and Craig agreed that they would need to run it past Didier et al.","This could be done along with the passive components.","because","['owing to', 'thanks to', 'as a result of', 'due to']","[]","Relation"
"Dennis agreed that Timon was happy.","Ulli was also happy.","because","['owing to', 'thanks to', 'as a result of', 'due to']","[]","Relation"
"Ulli was also happy.","Craig asked about the QC steps.","because","['owing to', 'thanks to', 'as a result of', 'due to']","[]","Relation"
"Craig asked about the QC steps.","Satish answered that the QC steps would include magnet tests at Yale and irradiation at BNL.","because","['owing to', 'thanks to', 'as a result of', 'due to']","[]","Relation"
"Satish answered that the QC steps would include magnet tests at Yale and irradiation at BNL.","Carl, Satish, and Timon were tasked with writing a document on the QC steps.","because","['owing to', 'thanks to', 'as a result of', 'due to']","[]","Relation"
"Carl, Satish, and Timon were tasked with writing a document on the QC steps.","Tony A was tasked with contacting the review office about coil ordering.","because","['owing to', 'thanks to', 'as a result of', 'due to']","[]","Relation"
"Craig assigned tasks to the participants.","The participants agreed on the tasks and the next steps.","after","['later', 'afterwards', 'next', 'afterward', 'follow']","[]","Relation"
"Suggestion for minutes to use Google Docs was made by Bart.","Bart","is participated by","['host', 'feature', 'have', 'sponsor']","[]","Relation"
"Suggestion for minutes to use Google Docs was made by Bart.","Craig","is participated by","['host', 'feature', 'have', 'sponsor']","[]","Relation"
"Suggestion for minutes to use Google Docs was made by Bart.","Phil","is participated by","['host', 'feature', 'have', 'sponsor']","[]","Relation"
"QC groups should be added to the list, including a hybrid/module assembly group.","Tony","is participated by","['host', 'feature', 'have', 'sponsor']","[]","Relation"
"QC groups should be added to the list, including a hybrid/module assembly group.","Craig","is participated by","['host', 'feature', 'have', 'sponsor']","[]","Relation"
"Hybrid crate status was discussed, with Craig suggesting doing the same on FMC-DP.","Ash","is participated by","['host', 'feature', 'have', 'sponsor']","[]","Relation"
"Hybrid crate status was discussed, with Craig suggesting doing the same on FMC-DP.","Craig","is participated by","['host', 'feature', 'have', 'sponsor']","[]","Relation"
"Hybrid crate status was discussed, with Craig suggesting doing the same on FMC-DP.","Vitaliy","is participated by","['host', 'feature', 'have', 'sponsor']","[]","Relation"
"UV LED driver was discussed without any questions.","Craig","is participated by","['host', 'feature', 'have', 'sponsor']","[]","Relation"
"DCDC coil order was discussed, with Barrel being happy to sign-off.","Carl","is participated by","['host', 'feature', 'have', 'sponsor']","[]","Relation"
"DCDC coil order was discussed, with Barrel being happy to sign-off.","Timon","is participated by","['host', 'feature', 'have', 'sponsor']","[]","Relation"
"DCDC coil order was discussed, with Barrel being happy to sign-off.","Tony","is participated by","['host', 'feature', 'have', 'sponsor']","[]","Relation"
"DCDC coil order was discussed, with Barrel being happy to sign-off.","Craig","is participated by","['host', 'feature', 'have', 'sponsor']","[]","Relation"
"DCDC coil order was discussed, with Barrel being happy to sign-off.","Ulli","is participated by","['host', 'feature', 'have', 'sponsor']","[]","Relation"
"DCDC coil order was discussed, with Barrel being happy to sign-off.","Dennis","is participated by","['host', 'feature', 'have', 'sponsor']","[]","Relation"
"DCDC coil order was discussed, with Barrel being happy to sign-off.","Satish","is participated by","['host', 'feature', 'have', 'sponsor']","[]","Relation"
"QC steps for coil order were discussed, with Satish answering.","Carl","is participated by","['host', 'feature', 'have', 'sponsor']","[]","Relation"
"QC steps for coil order were discussed, with Satish answering.","Satish","is participated by","['host', 'feature', 'have', 'sponsor']","[]","Relation"
"QC steps for coil order were discussed, with Satish answering.","Timon","is participated by","['host', 'feature', 'have', 'sponsor']","[]","Relation"
"Email was sent around for volunteers for QC groups.","Craig","is participated by","['host', 'feature', 'have', 'sponsor']","[]","Relation"
"QC document for coils was assigned to Timon/Carl/Satish to write.","Timon","is participated by","['host', 'feature', 'have', 'sponsor']","[]","Relation"
"QC document for coils was assigned to Timon/Carl/Satish to write.","Carl","is participated by","['host', 'feature', 'have', 'sponsor']","[]","Relation"
"QC document for coils was assigned to Timon/Carl/Satish to write.","Satish","is participated by","['host', 'feature', 'have', 'sponsor']","[]","Relation"
"Review office was contacted about coil ordering by Tony A.","Tony A","is participated by","['host', 'feature', 'have', 'sponsor']","[]","Relation"
"Minutes","Strip Module Meeting","carry","['bear', 'hold', 'convey', 'support', 'lift']","[]","Relation"
"Actions","over","carry","['bear', 'hold', 'convey', 'support', 'lift']","[]","Relation"
"QC document","coils","write","['produce', 'pen', 'author', 'create', 'compose', 'draft']","[]","Relation"
"QC document","pre-production","bring","['bring', 'transport', 'move', 'carry', 'transfer']","[]","Relation"
"QC groups","documents","comply","['conform', 'adhere', 'obey', 'follow']","[]","Relation"
"Updates","Craig & Ingo","give","['present', 'share', 'impart', 'bestow', 'donate']","[]","Relation"
"Updates","topics","focus","['prioritize', 'center', 'concentrate', 'emphasis', 'attention']","[]","Relation"
"Instructions","pre-production","need","['require', 'demand', 'necessity', 'obligation']","[]","Relation"
"FMC-DP","email","send","['dispatch', 'convey', 'forward', 'transmit', 'ship']","[]","Relation"
"FMC-DP","google doc","update","['change', 'refresh', 'modify', 'renew', 'revise']","[]","Relation"
"Site Qualification Survey","email","send","['dispatch', 'convey', 'forward', 'transmit', 'ship']","[]","Relation"
"FDR","documents","start","['ignite', 'launch', 'commence', 'initiate', 'begin', 'spark']","[]","Relation"
"Electrical tests","Bob","volunteer","['offer', 'contribute', 'give', 'donate', 'participate']","[]","Relation"
"The meeting minutes were recorded on 14/01/20.","The actions carried over from the previous meeting were discussed.","before","['earlier', 'prior', 'precede', 'lead', 'precedes']","[]","Relation"
"The actions carried over were to be written down in the minutes.","The meeting minutes were recorded on 14/01/20.","at the same time","['happen together', 'coexist', 'overlap', 'coincide', 'synchronize']","[]","Relation"
"People listed as responsible will be contacted periodically for updates.","Updates could be verbal, email or slides in a meeting.","after","['later', 'afterwards', 'next', 'afterward', 'follow']","[]","Relation"
"Updates could be verbal, email or slides in a meeting.","The people listed as responsible will be contacted periodically for updates.","because","['owing to', 'thanks to', 'as a result of', 'due to']","[]","Relation"
"Dave asked how he should understand a watching brief.","Dave: how do I understand a watching brief?","because","['owing to', 'thanks to', 'as a result of', 'due to']","[]","Relation"
"Craig and Ingo explained that a watching brief requires regular updates.","Dave asked how he should understand a watching brief.","because","['owing to', 'thanks to', 'as a result of', 'due to']","[]","Relation"
"Craig and Ingo mentioned that what was not in the list on page 2 was not discussed.","Craig & Ingo: Anything else than in list on page 2?","at the same time","['happen together', 'coexist', 'overlap', 'coincide', 'synchronize']","[]","Relation"
"Bob volunteered for electrical tests.","Bob volunteers for electrical tests","as a result","['yield', 'outcome', 'consequence', 'effect', 'result', 'lead', 'follow']","[]","Relation"
"The group is supposed to comply with documents provided.","Groups need to comply with documents provided!","because","['owing to', 'thanks to', 'as a result of', 'due to']","[]","Relation"
"QC groups are supposed to bring the group closer to a state with nice instructions for pre-production.","QC groups are supposed to bring us closer to a state where we have those","because","['owing to', 'thanks to', 'as a result of', 'due to']","[]","Relation"
"Karola sent an email with the site quali document.","1. Send site quali document email (Karola)","as a result","['yield', 'outcome', 'consequence', 'effect', 'result', 'lead', 'follow']","[]","Relation"
"Actions carried over 1. Write QC document for coils (Timon/Carl/Satish)","Timon","is participated by","['host', 'feature', 'have', 'sponsor']","[]","Relation"
"Actions carried over 1. Write QC document for coils (Timon/Carl/Satish)","Carl","is participated by","['host', 'feature', 'have', 'sponsor']","[]","Relation"
"Actions carried over 1. Write QC document for coils (Timon/Carl/Satish)","Satish","is participated by","['host', 'feature', 'have', 'sponsor']","[]","Relation"
"Watching brief Item | Responsible | Next update expected HV tab bonding | Jens | 03/02/2020","Jens","is participated by","['host', 'feature', 'have', 'sponsor']","[]","Relation"
"Hybrid crate roll-out | Ash | 03/02/2020","Ash","is participated by","['host', 'feature', 'have', 'sponsor']","[]","Relation"
"Module thermal cycling roll-out | Dave/Ankush/Sergio | 03/02/2020","Dave","is participated by","['host', 'feature', 'have', 'sponsor']","[]","Relation"
"Module thermal cycling roll-out | Dave/Ankush/Sergio | 03/02/2020","Ankush","is participated by","['host', 'feature', 'have', 'sponsor']","[]","Relation"
"Module thermal cycling roll-out | Dave/Ankush/Sergio | 03/02/2020","Sergio","is participated by","['host', 'feature', 'have', 'sponsor']","[]","Relation"
"Powerboard mass tester roll-out | Timon/Karol | 03/02/2020","Timon","is participated by","['host', 'feature', 'have', 'sponsor']","[]","Relation"
"Powerboard mass tester roll-out | Timon/Karol | 03/02/2020","Karol","is participated by","['host', 'feature', 'have', 'sponsor']","[]","Relation"
"Barrel hybrid tendering | Bart/Ash | 03/02/2020","Bart","is participated by","['host', 'feature', 'have', 'sponsor']","[]","Relation"
"Barrel hybrid tendering | Bart/Ash | 03/02/2020","Ash","is participated by","['host', 'feature', 'have', 'sponsor']","[]","Relation"
"Barrel powerboard tendering | Carl/Timon | 03/02/2020","Carl","is participated by","['host', 'feature', 'have', 'sponsor']","[]","Relation"
"Barrel powerboard tendering | Carl/Timon | 03/02/2020","Timon","is participated by","['host', 'feature', 'have', 'sponsor']","[]","Relation"
"EC hybrid/powerboard tendering | Uli/Kambiz/Dennis | 03/02/2020","Uli","is participated by","['host', 'feature', 'have', 'sponsor']","[]","Relation"
"EC hybrid/powerboard tendering | Uli/Kambiz/Dennis | 03/02/2020","Kambiz","is participated by","['host', 'feature', 'have', 'sponsor']","[]","Relation"
"EC hybrid/powerboard tendering | Uli/Kambiz/Dennis | 03/02/2020","Dennis","is participated by","['host', 'feature', 'have', 'sponsor']","[]","Relation"
"EC tooling design/roll-out | Marc | 03/02/2020","Marc","is participated by","['host', 'feature', 'have', 'sponsor']","[]","Relation"
"Barrel tooling design finalisation/roll-out | Sven | 03/02/2020","Sven","is participated by","['host', 'feature', 'have', 'sponsor']","[]","Relation"
"People listed as responsible will be contacted periodically by Craig & Ingo for updates (certainly on the date listed, if not before!)","Craig","is participated by","['host', 'feature', 'have', 'sponsor']","[]","Relation"
"People listed as responsible will be contacted periodically by Craig & Ingo for updates (certainly on the date listed, if not before!)","Ingo","is participated by","['host', 'feature', 'have', 'sponsor']","[]","Relation"
"Dave: how do I understand a watching brief?","Dave","is participated by","['host', 'feature', 'have', 'sponsor']","[]","Relation"
"Bob volunteers for electrical tests","Bob","is participated by","['host', 'feature', 'have', 'sponsor']","[]","Relation"
"Site Qualification Survey (Karola) - No questions","Karola","is participated by","['host', 'feature', 'have', 'sponsor']","[]","Relation"
"FMC-DP Status (Craig) - Send email to Craig if you need a “multi module to nexys” card (aka FMC-DP) by ITk week or afterwards","Craig","is participated by","['host', 'feature', 'have', 'sponsor']","[]","Relation"
"1. Send site quali document email (Karola)","Karola","is participated by","['host', 'feature', 'have', 'sponsor']","[]","Relation"
"Craig & Ingo","ITk week session","comment","['offer opinions', 'share thoughts', 'give feedback']","[]","Relation"
"Karola","shipping box survey","present","['appear', 'show up', 'be there', 'exist']","[]","Relation"
"Bart","Tony W","discuss","['talk', 'deliberate', 'debate', 'converse']","[]","Relation"
"Sven","Prototype HV tab holder","question","['query', 'inquire', 'interrogate', 'ask', 'probe']","[]","Relation"
"Sven","test coupon design","copy","['reproduce', 'duplicate', 'replicate', 'imitate', 'mirror']","[]","Relation"
"Dennis","Kambiz","inform","['disclose', 'share', 'enlighten', 'notify', 'advise']","[]","Relation"
"Sarah & Kunlin","mechanical hybrids","order","['sequence', 'arrange', 'organize', 'rank']","[]","Relation"
"Dennis","0.25mm core","check","['inspect', 'examine', 'test', 'verify']","[]","Relation"
"Jane","UV glue","test","['try', 'evaluate', 'examine']","[]","Relation"
"Dennis & Marc","EC Tabs","consider","['think', 'ponder', 'regard', 'analyze', 'view']","[]","Relation"
"Craig & Ingo","ITk week presenters","email","['contact', 'communicate', 'send', 'message']","[]","Relation"
"The minutes of the Strip Module Meeting were recorded on 28/01/20.","Actions were carried over from the meeting, including writing a QC document for coils.","because","['owing to', 'thanks to', 'as a result of', 'due to']","[]","Relation"
"Craig and Ingo will contact the people listed as responsible periodically for updates.","Updates could be verbal, email, or slides in a meeting.","at the same time","['happen together', 'coexist', 'overlap', 'coincide', 'synchronize']","[]","Relation"
"Craig and Ingo introduced the meeting.","A comment was made to move weighing and bonding later in the ITk week session.","after","['later', 'afterwards', 'next', 'afterward', 'follow']","[]","Relation"
"A shipping box survey was conducted.","A question was raised on whether the survey referred to all shipping options.","after","['later', 'afterwards', 'next', 'afterward', 'follow']","[]","Relation"
"A prototype HV tab holder was discussed.","It was useful to save time.","because","['owing to', 'thanks to', 'as a result of', 'due to']","[]","Relation"
"Vitaliy commented that a prototype HV tab holder was useful.","The prototype HV tab holder was discussed.","at the same time","['happen together', 'coexist', 'overlap', 'coincide', 'synchronize']","[]","Relation"
"Test coupon measurements were taken.","It was confirmed that ASIC lands on test coupons identical to hybrids.","after","['later', 'afterwards', 'next', 'afterward', 'follow']","[]","Relation"
"It was confirmed that ASIC lands on test coupons identical to hybrids.","Metal trace variability should not affect shield layer functionality.","because","['owing to', 'thanks to', 'as a result of', 'due to']","[]","Relation"
"It was confirmed that metal trace variability should not affect shield layer functionality.","Via chain will remain.","because","['owing to', 'thanks to', 'as a result of', 'due to']","[]","Relation"
"It was confirmed that via chain will remain.","The EC is using the same test coupon.","because","['owing to', 'thanks to', 'as a result of', 'due to']","[]","Relation"
"Kambiz copied the design of the test coupon as far as Sven knows.","The EC is using the same test coupon.","at the same time","['happen together', 'coexist', 'overlap', 'coincide', 'synchronize']","[]","Relation"
"Dennis will make Kambiz aware of the change proposal.","A change proposal was discussed regarding the test coupon.","after","['later', 'afterwards', 'next', 'afterward', 'follow']","[]","Relation"
"Mechanical endcap hybrids were discussed.","It was confirmed that a 0.25mm core is okay.","after","['later', 'afterwards', 'next', 'afterward', 'follow']","[]","Relation"
"A 0.25mm core was confirmed to be okay.","The tender process is not yet complete.","because","['owing to', 'thanks to', 'as a result of', 'due to']","[]","Relation"
"Prague wants to order more mechanical hybrids.","Mechanical endcap hybrids were discussed.","after","['later', 'afterwards', 'next', 'afterward', 'follow']","[]","Relation"
"Ordering of mechanical hybrids is not yet closed.","Prague wants to order more mechanical hybrids.","because","['owing to', 'thanks to', 'as a result of', 'due to']","[]","Relation"
"Karola will add a link to the google sheet to the EC planning meeting agenda.","Prague wants to order more mechanical hybrids.","after","['later', 'afterwards', 'next', 'afterward', 'follow']","[]","Relation"
"A UV and polaris epoxy temperature dependence study was conducted.","It was confirmed that temperature-dependent calibration has been done.","after","['later', 'afterwards', 'next', 'afterward', 'follow']","[]","Relation"
"Temperature-dependent calibration has been done.","The study was conducted.","because","['owing to', 'thanks to', 'as a result of', 'due to']","[]","Relation"
"A stencil might be more reliable for the UV and polaris epoxy study.","It was confirmed that a stencil might be more reliable.","at the same time","['happen together', 'coexist', 'overlap', 'coincide', 'synchronize']","[]","Relation"
"It was determined that glue amounts should be checked by weight.","A question was raised on how to check glue amounts.","after","['later', 'afterwards', 'next', 'afterward', 'follow']","[]","Relation"
"Tests for the UV and polaris epoxy temperature dependence were done without hardener.","A study was conducted on the temperature dependence of UV glue.","at the same time","['happen together', 'coexist', 'overlap', 'coincide', 'synchronize']","[]","Relation"
"The EC HV tab jig was discussed.","A proposal was made to move all EC tabs to 5mm longer.","after","['later', 'afterwards', 'next', 'afterward', 'follow']","[]","Relation"
"It was decided not to move all EC tabs to 5mm longer.","There would be knock-on effects in the cold box design.","because","['owing to', 'thanks to', 'as a result of', 'due to']","[]","Relation"
"Forest added an additional talk about wire bonding.","Items were left for discussion, including wire bonding.","after","['later', 'afterwards', 'next', 'afterward', 'follow']","[]","Relation"
"Craig and Ingo will email the ITk week presenters and upload the minutes to indico.","The minutes of the meeting were recorded on 28/01/20.","after","['later', 'afterwards', 'next', 'afterward', 'follow']","[]","Relation"
"Writing a QC document for coils was assigned as an action.","The minutes of the meeting were recorded on 28/01/20.","after","['later', 'afterwards', 'next', 'afterward', 'follow']","[]","Relation"
"Craig and Ingo will email the ITk week presenters and upload the minutes to indico.","Writing a QC document for coils was assigned as an action.","at the same time","['happen together', 'coexist', 'overlap', 'coincide', 'synchronize']","[]","Relation"
"Craig & Ingo introduced the meeting.","Craig","is participated by","['host', 'feature', 'have', 'sponsor']","[]","Relation"
"Craig & Ingo introduced the meeting.","Ingo","is participated by","['host', 'feature', 'have', 'sponsor']","[]","Relation"
"Craig & Ingo suggested moving weighing and bonding to a later session.","Craig","is participated by","['host', 'feature', 'have', 'sponsor']","[]","Relation"
"Craig & Ingo suggested moving weighing and bonding to a later session.","Ingo","is participated by","['host', 'feature', 'have', 'sponsor']","[]","Relation"
"Karola asked about the shipping box survey.","Karola","is participated by","['host', 'feature', 'have', 'sponsor']","[]","Relation"
"Bart showed the prototype HV tab holder.","Bart","is participated by","['host', 'feature', 'have', 'sponsor']","[]","Relation"
"Vitaliy commented on the usefulness of the HV tab holder.","Vitaliy","is participated by","['host', 'feature', 'have', 'sponsor']","[]","Relation"
"Sven questioned the test coupon measurements.","Sven","is participated by","['host', 'feature', 'have', 'sponsor']","[]","Relation"
"Sven clarified the ASIC lands on test coupons.","Sven","is participated by","['host', 'feature', 'have', 'sponsor']","[]","Relation"
"Dennis confirmed the metal trace variability.","Dennis","is participated by","['host', 'feature', 'have', 'sponsor']","[]","Relation"
"Kambiz was informed about the change proposal.","Kambiz","is participated by","['host', 'feature', 'have', 'sponsor']","[]","Relation"
"Kambiz was informed about the change proposal.","Dennis","is participated by","['host', 'feature', 'have', 'sponsor']","[]","Relation"
"Sarah & Kunlin discussed mechanical endcap hybrids.","Sarah","is participated by","['host', 'feature', 'have', 'sponsor']","[]","Relation"
"Sarah & Kunlin discussed mechanical endcap hybrids.","Kunlin","is participated by","['host', 'feature', 'have', 'sponsor']","[]","Relation"
"Sarah & Kunlin discussed mechanical endcap hybrids.","Dennis","is participated by","['host', 'feature', 'have', 'sponsor']","[]","Relation"
"Dennis confirmed the core thickness.","Dennis","is participated by","['host', 'feature', 'have', 'sponsor']","[]","Relation"
"Prague wanted to order more mechanical hybrids.","Prague","is participated by","['host', 'feature', 'have', 'sponsor']","[]","Relation"
"Prague wanted to order more mechanical hybrids.","Karo","is participated by","['host', 'feature', 'have', 'sponsor']","[]","Relation"
"Jane presented the UV and polaris epoxy temperature dependence.","Jane","is participated by","['host', 'feature', 'have', 'sponsor']","[]","Relation"
"Jane commented on the stencil reliability.","Jane","is participated by","['host', 'feature', 'have', 'sponsor']","[]","Relation"
"Dennis & Marc discussed the EC HV tab jig.","Dennis","is participated by","['host', 'feature', 'have', 'sponsor']","[]","Relation"
"Dennis & Marc discussed the EC HV tab jig.","Marc","is participated by","['host', 'feature', 'have', 'sponsor']","[]","Relation"
"Dennis suggested moving all EC Tabs to 5mm longer.","Dennis","is participated by","['host', 'feature', 'have', 'sponsor']","[]","Relation"
"Forest added a talk about wire bonding.","Forest","is participated by","['host', 'feature', 'have', 'sponsor']","[]","Relation"
"Craig & Ingo were responsible for emailing ITk week presenters and uploading to indico.","Craig","is participated by","['host', 'feature', 'have', 'sponsor']","[]","Relation"
"Craig & Ingo were responsible for emailing ITk week presenters and uploading to indico.","Ingo","is participated by","['host', 'feature', 'have', 'sponsor']","[]","Relation"
"Timon, Carl, and Satish were responsible for writing the QC document for coils.","Timon","is participated by","['host', 'feature', 'have', 'sponsor']","[]","Relation"
"Timon, Carl, and Satish were responsible for writing the QC document for coils.","Carl","is participated by","['host', 'feature', 'have', 'sponsor']","[]","Relation"
"Timon, Carl, and Satish were responsible for writing the QC document for coils.","Satish","is participated by","['host', 'feature', 'have', 'sponsor']","[]","Relation"
"Strip Module Meeting","actions","carried","['moved', 'brought', 'carried', 'held', 'bore', 'transported']","[]","Relation"
"HV tab bonding","update","expected","['anticipated', 'forecasted', 'predicted', 'supposed', 'projected', 'hoped for']","[]","Relation"
"Hybrid crate roll-out","update","expected","['anticipated', 'forecasted', 'predicted', 'supposed', 'projected', 'hoped for']","[]","Relation"
"Module thermal cycling roll-out","update","expected","['anticipated', 'forecasted', 'predicted', 'supposed', 'projected', 'hoped for']","[]","Relation"
"Powerboard mass tester roll-out","update","expected","['anticipated', 'forecasted', 'predicted', 'supposed', 'projected', 'hoped for']","[]","Relation"
"Barrel hybrid tendering","actions","carried","['moved', 'brought', 'carried', 'held', 'bore', 'transported']","[]","Relation"
"Barrel powerboard tendering","actions","carried","['moved', 'brought', 'carried', 'held', 'bore', 'transported']","[]","Relation"
"EC hybrid/powerboard tendering","actions","carried","['moved', 'brought', 'carried', 'held', 'bore', 'transported']","[]","Relation"
"EC tooling design/roll-out","update","expected","['anticipated', 'forecasted', 'predicted', 'supposed', 'projected', 'hoped for']","[]","Relation"
"Barrel tooling design finalisation/roll-out","update","expected","['anticipated', 'forecasted', 'predicted', 'supposed', 'projected', 'hoped for']","[]","Relation"
"DCDC coils","specs","defined","['describe', 'specify', 'characterize', 'delineate', 'define']","[]","Relation"
"QC boundaries","powerboard performance","acceptable","['acceptable', 'tolerable', 'suitable', 'permissible', 'valid']","[]","Relation"
"powerboard performance","ATLAS performance specs","led","['guided', 'headed', 'steered', 'directed', 'managed']","[]","Relation"
"wire","specs","defined","['describe', 'specify', 'characterize', 'delineate', 'define']","[]","Relation"
"samples","coils","tested","['analyzed', 'examined', 'assessed', 'evaluated']","[]","Relation"
"production","quantity","evaluated","['reviewed', 'judged', 'assessed', 'rated', 'critiqued']","[]","Relation"
"quantity","EC 10,000","evaluated","['reviewed', 'judged', 'assessed', 'rated', 'critiqued']","[]","Relation"
"overhead","barrel","different","['vary', 'change', 'divergence', 'contrast', 'disparity']","[]","Relation"
"Barrel module frame","hybrid panel","finalised","['completed', 'finalized', 'settled', 'finished', 'concluded']","[]","Relation"
"module transport frame","clearance","okay","['agree', 'affirm', 'confirm']","[]","Relation"
"high voltage connector","single connector","kept","['retained', 'maintained', 'kept', 'preserved', 'held']","[]","Relation"
"mini display port","labelling","labelled","['designated', 'marked', 'tagged', 'labeled', 'identified']","[]","Relation"
"ribbing","transport frame","added","['enlarged', 'increased', 'augmented']","[]","Relation"
"injection moulding company","ribbing","optimised","['perfected', 'enhanced', 'refined', 'improved', 'maximized']","[]","Relation"
"The minutes of the Strip Module Meeting were taken on 11/02/20.","Actions were carried over at the meeting.","at the same time","['happen together', 'coexist', 'overlap', 'coincide', 'synchronize']","[]","Relation"
"Actions were carried over.","The responsible personnel were contacted periodically by Craig & Ingo for updates.","before","['earlier', 'prior', 'precede', 'lead', 'precedes']","[]","Relation"
"The responsible personnel were contacted periodically by Craig & Ingo for updates.","They were listed as responsible in the meeting.","because","['owing to', 'thanks to', 'as a result of', 'due to']","[]","Relation"
"The meeting was introduced by Craig & Ingo.","Nothing was reported from the introduction.","at the same time","['happen together', 'coexist', 'overlap', 'coincide', 'synchronize']","[]","Relation"
"Nothing was reported from the introduction.","Satish discussed the DCDC coils.","at the same time","['happen together', 'coexist', 'overlap', 'coincide', 'synchronize']","[]","Relation"
"Satish discussed the DCDC coils.","The QC boundaries of the coils were questioned from a powerboard performance point of view.","because","['owing to', 'thanks to', 'as a result of', 'due to']","[]","Relation"
"The QC boundaries of the coils were questioned from a powerboard performance point of view.","The specs defined for the coils were not led by ATLAS performance specs.","because","['owing to', 'thanks to', 'as a result of', 'due to']","[]","Relation"
"The specs defined for the coils were not led by ATLAS performance specs.","The specs were defined more by what is possible with available wire.","because","['owing to', 'thanks to', 'as a result of', 'due to']","[]","Relation"
"10 samples from each 1/50 of production were tested.","Satish questioned the QC boundaries of the coils.","because","['owing to', 'thanks to', 'as a result of', 'due to']","[]","Relation"
"500 coils in total were planned to be tested.","10 samples from each 1/50 of production were tested.","because","['owing to', 'thanks to', 'as a result of', 'due to']","[]","Relation"
"The quantity of coils was evaluated by EC 10,000.","The risk of yield numbers changing slightly was considered.","because","['owing to', 'thanks to', 'as a result of', 'due to']","[]","Relation"
"The quantity of coils was evaluated by EC 10,000.","16,000 for barrel makes sense to Dennis but looks like overhead is slightly different.","at the same time","['happen together', 'coexist', 'overlap', 'coincide', 'synchronize']","[]","Relation"
"The quantity of coils was evaluated by EC 10,000.","The risk of yield numbers changing slightly is why typically PRR is the point that large numbers get bought.","at the same time","['happen together', 'coexist', 'overlap', 'coincide', 'synchronize']","[]","Relation"
"The risk of yield numbers changing slightly is why typically PRR is the point that large numbers get bought.","It is an understood risk to buy everything now.","because","['owing to', 'thanks to', 'as a result of', 'due to']","[]","Relation"
"The status of powerboard test crate was discussed.","The introduction by Craig & Ingo was completed.","after","['later', 'afterwards', 'next', 'afterward', 'follow']","[]","Relation"
"The barrel module frame and hybrid panel finalisation was discussed.","Clearance on module transport frame for RFID was questioned.","at the same time","['happen together', 'coexist', 'overlap', 'coincide', 'synchronize']","[]","Relation"
"Clearance on module transport frame for RFID was questioned.","The clearance was potentially at risk.","because","['owing to', 'thanks to', 'as a result of', 'due to']","[]","Relation"
"The module transport frame for RFID should be okay.","Clearance was questioned on the module transport frame for RFID.","because","['owing to', 'thanks to', 'as a result of', 'due to']","[]","Relation"
"Craig and Ash will iterate to make sure everything fits together.","The clearance on module transport frame for RFID was questioned.","because","['owing to', 'thanks to', 'as a result of', 'due to']","[]","Relation"
"It could be tricky to keep track of all the diodes when placing the sensor/module in the frame.","The diodes need to be placed carefully in the frame.","because","['owing to', 'thanks to', 'as a result of', 'due to']","[]","Relation"
"Removing the diodes along one side or the other could be an option.","It could be tricky to keep track of all the diodes when placing the sensor/module in the frame.","because","['owing to', 'thanks to', 'as a result of', 'due to']","[]","Relation"
"Gerrit likes the security of all 4 sides.","He prefers to keep the diodes on all four sides of the frame.","because","['owing to', 'thanks to', 'as a result of', 'due to']","[]","Relation"
"The high voltage connector could be changed to be on a separate connector.","It could improve safety and compatibility.","because","['owing to', 'thanks to', 'as a result of', 'due to']","[]","Relation"
"The pros of keeping the single connector were discussed.","The high voltage connector could be changed to be on a separate connector.","because","['owing to', 'thanks to', 'as a result of', 'due to']","[]","Relation"
"The cons of keeping the single connector were discussed.","The high voltage connector could be changed to be on a separate connector.","because","['owing to', 'thanks to', 'as a result of', 'due to']","[]","Relation"
"Labels for the mini display port were provided on the transport frames.","Labels to be included on the PCB silk screen in case of running without transport frame in place.","at the same time","['happen together', 'coexist', 'overlap', 'coincide', 'synchronize']","[]","Relation"
"Ribbing was added to the barrel transport frame.","The injection moulding company optimised the ribbing.","before","['earlier', 'prior', 'precede', 'lead', 'precedes']","[]","Relation"
"Craig & Ingo gave an introduction for the meeting.","Craig","is participated by","['host', 'feature', 'have', 'sponsor']","[]","Relation"
"Craig & Ingo gave an introduction for the meeting.","Ingo","is participated by","['host', 'feature', 'have', 'sponsor']","[]","Relation"
"Satish discussed the DCDC coils.","Satish","is participated by","['host', 'feature', 'have', 'sponsor']","[]","Relation"
"The quantity of DCDC coils was evaluated.","EC","is participated by","['host', 'feature', 'have', 'sponsor']","[]","Relation"
"The quantity of DCDC coils was evaluated.","production management","is participated by","['host', 'feature', 'have', 'sponsor']","[]","Relation"
"Christian gave a status update on the powerboard test crate.","Christian","is participated by","['host', 'feature', 'have', 'sponsor']","[]","Relation"
"Sven discussed the barrel module frame and hybrid panel finalisation.","Sven","is participated by","['host', 'feature', 'have', 'sponsor']","[]","Relation"
"The high voltage connector for the barrel module frame and hybrid panel was discussed.","Sven","is participated by","['host', 'feature', 'have', 'sponsor']","[]","Relation"
"The high voltage connector for the barrel module frame and hybrid panel was discussed.","Craig","is participated by","['host', 'feature', 'have', 'sponsor']","[]","Relation"
"The high voltage connector for the barrel module frame and hybrid panel was discussed.","Ash","is participated by","['host', 'feature', 'have', 'sponsor']","[]","Relation"
"The high voltage connector for the barrel module frame and hybrid panel was discussed.","Gerrit","is participated by","['host', 'feature', 'have', 'sponsor']","[]","Relation"
"The mini display port labelling for the barrel module frame and hybrid panel was discussed.","Sven","is participated by","['host', 'feature', 'have', 'sponsor']","[]","Relation"
"The mini display port labelling for the barrel module frame and hybrid panel was discussed.","Craig","is participated by","['host', 'feature', 'have', 'sponsor']","[]","Relation"
"The mini display port labelling for the barrel module frame and hybrid panel was discussed.","Ash","is participated by","['host', 'feature', 'have', 'sponsor']","[]","Relation"
"The mini display port labelling for the barrel module frame and hybrid panel was discussed.","Gerrit","is participated by","['host', 'feature', 'have', 'sponsor']","[]","Relation"
"Gerrit discussed the barrel transport frame.","Gerrit","is participated by","['host', 'feature', 'have', 'sponsor']","[]","Relation"
"The ribbing on the barrel transport frame was optimised.","injection moulding company","is participated by","['host', 'feature', 'have', 'sponsor']","[]","Relation"
"The risk of yield numbers changing slightly was discussed.","Dennis","is participated by","['host', 'feature', 'have', 'sponsor']","[]","Relation"
"The risk of yield numbers changing slightly was discussed.","production management","is participated by","['host', 'feature', 'have', 'sponsor']","[]","Relation"
"The ATLAS performance specs were mentioned.","ATLAS","is participated by","['host', 'feature', 'have', 'sponsor']","[]","Relation"
"The quantity of samples for testing was discussed.","Satish","is participated by","['host', 'feature', 'have', 'sponsor']","[]","Relation"
"The quantity of samples for testing was discussed.","EC","is participated by","['host', 'feature', 'have', 'sponsor']","[]","Relation"
"The powerboard performance was discussed.","Satish","is participated by","['host', 'feature', 'have', 'sponsor']","[]","Relation"
"The QC boundaries for the DCDC coils were discussed.","Satish","is participated by","['host', 'feature', 'have', 'sponsor']","[]","Relation"
"The people listed as responsible will be contacted periodically.","Craig","is participated by","['host', 'feature', 'have', 'sponsor']","[]","Relation"
"The people listed as responsible will be contacted periodically.","Ingo","is participated by","['host', 'feature', 'have', 'sponsor']","[]","Relation"
"The action items for the meeting were listed.","Craig","is participated by","['host', 'feature', 'have', 'sponsor']","[]","Relation"
"The action items for the meeting were listed.","Ingo","is participated by","['host', 'feature', 'have', 'sponsor']","[]","Relation"
"Craig","transport frame","forgot","['forget', 'overlook', 'lose track', 'neglect', 'misremember']","[]","Relation"
"suction cups","assembly","help","['assist', 'relieve', 'aid', 'support', 'lend a hand']","[]","Relation"
"suction cups","surface","stick","['adhere', 'cling', 'stick', 'attach', 'join', 'bond']","[]","Relation"
"DI water","surface","makes","['create', 'manufactures', 'generates', 'produces']","[]","Relation"
"isoprop","surface","makes","['create', 'manufactures', 'generates', 'produces']","[]","Relation"
"humidity indicators","box","use","['employ', 'utilize', 'apply', 'adopt']","[]","Relation"
"dessicant","box","use","['employ', 'utilize', 'apply', 'adopt']","[]","Relation"
"BPOL v4","BPOL v5","consider","['think', 'ponder', 'regard', 'analyze', 'view']","[]","Relation"
"BPOL v4","preproduction","commit","['pledge', 'bind', 'promise', 'vow', 'obligate']","[]","Relation"
"BPOL v5","BPOL v4","validate","['authenticate', 'confirm', 'prove', 'verify', 'endorse']","[]","Relation"
"Craig","BPOL v4","speak","['utter', 'verbalize', 'express', 'communicate', 'enunciate']","[]","Relation"
"US","BPOL v4","agree","['comply', 'assent', 'concur', 'consent']","[]","Relation"
"Dennis","BPOL v4","care","['concern', 'protect', 'worry', 'nurture', 'look after']","[]","Relation"
"Sion Hongbo will discuss with them to see if we can optimise the ribbing a bit more to improve planarity","Suction cup “hole” dimensions to be updated (mistake by Craig)","because","['owing to', 'thanks to', 'as a result of', 'due to']","[]","Relation"
"Updated versions will be uploaded to EDMS for discussion","Suction cup “hole” dimensions to be updated (mistake by Craig)","after","['later', 'afterwards', 'next', 'afterward', 'follow']","[]","Relation"
"Will include discussion of specified suction cups","Updated versions will be uploaded to EDMS for discussion","at the same time","['happen together', 'coexist', 'overlap', 'coincide', 'synchronize']","[]","Relation"
"Assembly of box with threaded back-plane trickier without screw guidance, risk of sensor moving around whilst you are assembling","Craig forgot that when assembling the box the transport frame is already screwed in place!!","because","['owing to', 'thanks to', 'as a result of', 'due to']","[]","Relation"
"Generally seems to make the assembly nicer","Sticking suction cups","as a result","['yield', 'outcome', 'consequence', 'effect', 'result', 'lead', 'follow']","[]","Relation"
"Sticking suction cups","Smaller suction cups and correct sized holes do help","because","['owing to', 'thanks to', 'as a result of', 'due to']","[]","Relation"
"Need to investigate the other materials available","Sticking suction cups","because","['owing to', 'thanks to', 'as a result of', 'due to']","[]","Relation"
"From ITk week, don’t clean with isoprop, just DI water, seems isoprop makes surface stickier","Need to investigate the other materials available","at the same time","['happen together', 'coexist', 'overlap', 'coincide', 'synchronize']","[]","Relation"
"How do you use the humidity indicators and dessicant with this box, looks like bag volume and sensor volume connection can be blocked by vacuum sealing","From ITk week, don’t clean with isoprop, just DI water, seems isoprop makes surface stickier","at the same time","['happen together', 'coexist', 'overlap', 'coincide', 'synchronize']","[]","Relation"
"SCIPP looking at side pocket solution","How do you use the humidity indicators and dessicant with this box, looks like bag volume and sensor volume connection can be blocked by vacuum sealing","because","['owing to', 'thanks to', 'as a result of', 'due to']","[]","Relation"
"Also N2 flushed sealing rather than vacuum could be an option","How do you use the humidity indicators and dessicant with this box, looks like bag volume and sensor volume connection can be blocked by vacuum sealing","because","['owing to', 'thanks to', 'as a result of', 'due to']","[]","Relation"
"BPOL v4 vs. v5 (we previously committed to v4 for preproduction but could consider v5 if schedule does not change any more","Craig speaks in support of v4 for reasons of schedule risk and previous commitment","after","['later', 'afterwards', 'next', 'afterward', 'follow']","[]","Relation"
"Craig speaks in support of v4 for reasons of schedule risk and previous commitment","BPOL v4 vs. v5 (we previously committed to v4 for preproduction but could consider v5 if schedule does not change any more","because","['owing to', 'thanks to', 'as a result of', 'due to']","[]","Relation"
"US agrees with commitment to v4 and would keep baseline as v4 with a few v5 (100) for validation, Dennis doesn’t really care but is happy to stick to v4","Craig speaks in support of v4 for reasons of schedule risk and previous commitment","because","['owing to', 'thanks to', 'as a result of', 'due to']","[]","Relation"
"We will push back on review to stick with v4 for preproduction","US agrees with commitment to v4 and would keep baseline as v4 with a few v5 (100) for validation, Dennis doesn’t really care but is happy to stick to v4","because","['owing to', 'thanks to', 'as a result of', 'due to']","[]","Relation"
"There is risk to coupling preproduction to v5 schedule and we have already committed (deliberately) to v4","We will push back on review to stick with v4 for preproduction","because","['owing to', 'thanks to', 'as a result of', 'due to']","[]","Relation"
"Actions NONE","BPOL v4 vs. v5 (we previously committed to v4 for preproduction but could consider v5 if schedule does not change any more","before","['earlier', 'prior', 'precede', 'lead', 'precedes']","[]","Relation"
"sion Hongbo will discuss with them to see if we can optimise the ribbing a bit more to improve planarity","sion Hongbo","is participated by","['host', 'feature', 'have', 'sponsor']","[]","Relation"
"sion Hongbo will discuss with them to see if we can optimise the ribbing a bit more to improve planarity","them","is participated by","['host', 'feature', 'have', 'sponsor']","[]","Relation"
"Suction cup “hole” dimensions to be updated (mistake by Craig)","Craig","is participated by","['host', 'feature', 'have', 'sponsor']","[]","Relation"
"Updated versions will be uploaded to EDMS for discussion","Craig","is participated by","['host', 'feature', 'have', 'sponsor']","[]","Relation"
"Updated versions will be uploaded to EDMS for discussion","EDMS","is participated by","['host', 'feature', 'have', 'sponsor']","[]","Relation"
"Will include discussion of specified suction cups","Craig","is participated by","['host', 'feature', 'have', 'sponsor']","[]","Relation"
"Will include discussion of specified suction cups","suction cups","is participated by","['host', 'feature', 'have', 'sponsor']","[]","Relation"
"Assembly of box with threaded back-plane trickier without screw guidance, risk of sensor moving around whilst you are assembling","box","is participated by","['host', 'feature', 'have', 'sponsor']","[]","Relation"
"Assembly of box with threaded back-plane trickier without screw guidance, risk of sensor moving around whilst you are assembling","sensor","is participated by","['host', 'feature', 'have', 'sponsor']","[]","Relation"
"Assembly of box with threaded back-plane trickier without screw guidance, risk of sensor moving around whilst you are assembling","screw guidance","is participated by","['host', 'feature', 'have', 'sponsor']","[]","Relation"
"Craig forgot that when assembling the box the transport frame is already screwed in place!!","Craig","is participated by","['host', 'feature', 'have', 'sponsor']","[]","Relation"
"Craig forgot that when assembling the box the transport frame is already screwed in place!!","box","is participated by","['host', 'feature', 'have', 'sponsor']","[]","Relation"
"Craig forgot that when assembling the box the transport frame is already screwed in place!!","transport frame","is participated by","['host', 'feature', 'have', 'sponsor']","[]","Relation"
"Generally seems to make the assembly nicer","Craig","is participated by","['host', 'feature', 'have', 'sponsor']","[]","Relation"
"Sticking suction cups","suction cups","is participated by","['host', 'feature', 'have', 'sponsor']","[]","Relation"
"Smaller suction cups and correct sized holes do help","suction cups","is participated by","['host', 'feature', 'have', 'sponsor']","[]","Relation"
"Smaller suction cups and correct sized holes do help","holes","is participated by","['host', 'feature', 'have', 'sponsor']","[]","Relation"
"From ITk week, don’t clean with isoprop, just DI water, seems isoprop makes surface stickier","ITk week","is participated by","['host', 'feature', 'have', 'sponsor']","[]","Relation"
"From ITk week, don’t clean with isoprop, just DI water, seems isoprop makes surface stickier","isoprop","is participated by","['host', 'feature', 'have', 'sponsor']","[]","Relation"
"From ITk week, don’t clean with isoprop, just DI water, seems isoprop makes surface stickier","DI water","is participated by","['host', 'feature', 'have', 'sponsor']","[]","Relation"
"From ITk week, don’t clean with isoprop, just DI water, seems isoprop makes surface stickier","surface","is participated by","['host', 'feature', 'have', 'sponsor']","[]","Relation"
"How do you use the humidity indicators and dessicant with this box, looks like bag volume and sensor volume connection can be blocked by vacuum sealing","humidity indicators","is participated by","['host', 'feature', 'have', 'sponsor']","[]","Relation"
"How do you use the humidity indicators and dessicant with this box, looks like bag volume and sensor volume connection can be blocked by vacuum sealing","dessicant","is participated by","['host', 'feature', 'have', 'sponsor']","[]","Relation"
"How do you use the humidity indicators and dessicant with this box, looks like bag volume and sensor volume connection can be blocked by vacuum sealing","box","is participated by","['host', 'feature', 'have', 'sponsor']","[]","Relation"
"How do you use the humidity indicators and dessicant with this box, looks like bag volume and sensor volume connection can be blocked by vacuum sealing","bag volume","is participated by","['host', 'feature', 'have', 'sponsor']","[]","Relation"
"How do you use the humidity indicators and dessicant with this box, looks like bag volume and sensor volume connection can be blocked by vacuum sealing","sensor volume","is participated by","['host', 'feature', 'have', 'sponsor']","[]","Relation"
"How do you use the humidity indicators and dessicant with this box, looks like bag volume and sensor volume connection can be blocked by vacuum sealing","vacuum sealing","is participated by","['host', 'feature', 'have', 'sponsor']","[]","Relation"
"SCIPP looking at side pocket solution","SCIPP","is participated by","['host', 'feature', 'have', 'sponsor']","[]","Relation"
"SCIPP looking at side pocket solution","side pocket","is participated by","['host', 'feature', 'have', 'sponsor']","[]","Relation"
"Also N2 flushed sealing rather than vacuum could be an option","N2","is participated by","['host', 'feature', 'have', 'sponsor']","[]","Relation"
"Also N2 flushed sealing rather than vacuum could be an option","vacuum","is participated by","['host', 'feature', 'have', 'sponsor']","[]","Relation"
"Also N2 flushed sealing rather than vacuum could be an option","sealing","is participated by","['host', 'feature', 'have', 'sponsor']","[]","Relation"
"AoB - BPOL v4 vs. v5 (we previously committed to v4 for preproduction but could consider v5 if schedule does not change any more","AoB","is participated by","['host', 'feature', 'have', 'sponsor']","[]","Relation"
"AoB - BPOL v4 vs. v5 (we previously committed to v4 for preproduction but could consider v5 if schedule does not change any more","BPOL v4","is participated by","['host', 'feature', 'have', 'sponsor']","[]","Relation"
"AoB - BPOL v4 vs. v5 (we previously committed to v4 for preproduction but could consider v5 if schedule does not change any more","BPOL v5","is participated by","['host', 'feature', 'have', 'sponsor']","[]","Relation"
"AoB - BPOL v4 vs. v5 (we previously committed to v4 for preproduction but could consider v5 if schedule does not change any more","schedule","is participated by","['host', 'feature', 'have', 'sponsor']","[]","Relation"
"Craig speaks in support of v4 for reasons of schedule risk and previous commitment","Craig","is participated by","['host', 'feature', 'have', 'sponsor']","[]","Relation"
"Craig speaks in support of v4 for reasons of schedule risk and previous commitment","BPOL v4","is participated by","['host', 'feature', 'have', 'sponsor']","[]","Relation"
"Craig speaks in support of v4 for reasons of schedule risk and previous commitment","schedule","is participated by","['host', 'feature', 'have', 'sponsor']","[]","Relation"
"Craig speaks in support of v4 for reasons of schedule risk and previous commitment","previous commitment","is participated by","['host', 'feature', 'have', 'sponsor']","[]","Relation"
"US agrees with commitment to v4 and would keep baseline as v4 with a few v5 (100) for validation, Dennis doesn’t really care but is happy to stick to v4","US","is participated by","['host', 'feature', 'have', 'sponsor']","[]","Relation"
"US agrees with commitment to v4 and would keep baseline as v4 with a few v5 (100) for validation, Dennis doesn’t really care but is happy to stick to v4","BPOL v4","is participated by","['host', 'feature', 'have', 'sponsor']","[]","Relation"
"US agrees with commitment to v4 and would keep baseline as v4 with a few v5 (100) for validation, Dennis doesn’t really care but is happy to stick to v4","BPOL v5","is participated by","['host', 'feature', 'have', 'sponsor']","[]","Relation"
"US agrees with commitment to v4 and would keep baseline as v4 with a few v5 (100) for validation, Dennis doesn’t really care but is happy to stick to v4","Dennis","is participated by","['host', 'feature', 'have', 'sponsor']","[]","Relation"
"US agrees with commitment to v4 and would keep baseline as v4 with a few v5 (100) for validation, Dennis doesn’t really care but is happy to stick to v4","validation","is participated by","['host', 'feature', 'have', 'sponsor']","[]","Relation"
"We will push back on review to stick with v4 for preproduction","we","is participated by","['host', 'feature', 'have', 'sponsor']","[]","Relation"
"We will push back on review to stick with v4 for preproduction","BPOL v4","is participated by","['host', 'feature', 'have', 'sponsor']","[]","Relation"
"We will push back on review to stick with v4 for preproduction","preproduction","is participated by","['host', 'feature', 'have', 'sponsor']","[]","Relation"
"There is risk to coupling preproduction to v5 schedule and we have already committed (deliberately) to v4","preproduction","is participated by","['host', 'feature', 'have', 'sponsor']","[]","Relation"
"There is risk to coupling preproduction to v5 schedule and we have already committed (deliberately) to v4","BPOL v5","is participated by","['host', 'feature', 'have', 'sponsor']","[]","Relation"
"There is risk to coupling preproduction to v5 schedule and we have already committed (deliberately) to v4","schedule","is participated by","['host', 'feature', 'have', 'sponsor']","[]","Relation"
"There is risk to coupling preproduction to v5 schedule and we have already committed (deliberately) to v4","BPOL v4","is participated by","['host', 'feature', 'have', 'sponsor']","[]","Relation"
